username,time,tweet
mjbeem06,Tue Mar 01 05:29:39 IST 2016,i look like a homeless man
mjbeem06,Sat Feb 27 10:35:37 IST 2016,ive learned so much these past two weeks
mjbeem06,Fri Feb 26 08:29:22 IST 2016,cheech and chong
mjbeem06,Wed Jan 27 06:48:48 IST 2016,webster  
mjbeem06,Thu Jan 21 05:23:59 IST 2016,  i do not appreciate this
mjbeem06,Wed Jan 20 08:34:49 IST 2016,webster  not true
mjbeem06,Wed Jan 20 07:43:23 IST 2016,  
mjbeem06,Wed Jan 20 07:34:06 IST 2016,  thanks budâ¤ï¸â¤ï¸
mjbeem06,Sat Jan 16 03:36:27 IST 2016,rt  jim i need your help taking down isisroy man i’ve been out of the game too longjim they’ve got pam… 
mjbeem06,Wed Jan 13 09:44:22 IST 2016,rt   stark   thanks for the invite
mjbeem06,Sat Dec 26 08:14:16 IST 2015,rt ms happy birthday sean
mjbeem06,Wed Oct 14 05:23:29 IST 2015,rt andrew23 my heart is beating
mjbeem06,Fri Oct 09 08:40:21 IST 2015,rt  
mjbeem06,Tue Mar 17 19:31:59 IST 2015,rt lane13 i would do literally anything to go back to a year ago today at this time when   i were boarding a cruise ship …
mjbeem06,Tue Mar 17 07:26:55 IST 2015,lane13 😂😭
mjbeem06,Tue Jan 13 03:14:07 IST 2015,rt  
mjbeem06,Thu Jan 08 08:23:17 IST 2015,rt lane13   1 toby is last and 2 look at kevin😂😂😭
mjbeem06,Sun Nov 30 10:30:34 IST 2014,rt lane13 gohawks beatstate 
mjbeem06,Sat Nov 22 02:40:11 IST 2014,rt lane13 attention everyone please help us find michaels lost tongue also there are sheep in his mouth he cant get out http…
mjbeem06,Thu Oct 23 23:32:22 IST 2014,rt  my last tweet was fire
mjbeem06,Thu Oct 23 23:32:06 IST 2014,rt  🔥🔥🔥🔥🔥🔥🔥🔥🔥🔥🔥🔥🔥
mjbeem06,Sat Jun 14 06:47:12 IST 2014,redneck gondola stark  lane13 
mjbeem06,Wed Apr 30 05:30:16 IST 2014,rt  fyi mike isnt a booty pirate
mjbeem06,Sat Apr 26 08:28:23 IST 2014,lopez15 and stark cause hes hunky like brad pitt truth
mjbeem06,Sat Apr 26 08:20:04 IST 2014,lopez15 sup
mjbeem06,Sat Apr 26 08:03:25 IST 2014,rt   twitter game is on point
mjbeem06,Mon Mar 24 04:28:22 IST 2014,lane13 why do you think i twerk so much
mjbeem06,Sat Mar 15 17:43:38 IST 2014,rt lane13 everyone wish  luck because hes stuck in a car with me for 24 hours bahamasbound
mjbeem06,Thu Mar 13 04:55:11 IST 2014,lane13 lucky me
mjbeem06,Thu Feb 20 23:29:44 IST 2014,storytimeatlunchwithnathan
mjbeem06,Tue Feb 04 04:59:57 IST 2014, our school has rap battles yet we are surrounded by cornfields justgiveup -minnechaug hs 
mjbeem06,Mon Dec 23 06:33:30 IST 2013,lane13 is the most annoying person i have even met
mjbeem06,Tue Dec 03 06:41:56 IST 2013,mcm  
mjbeem06,Sun Dec 01 04:24:08 IST 2013,lol at lane13s voice right now
mjbeem06,Thu Nov 21 07:50:38 IST 2013,so many great pictures of lane13 wcw 
mjbeem06,Sun Nov 17 01:57:00 IST 2013,ouch
mjbeem06,Thu Nov 14 05:55:05 IST 2013,my wcw is such a babe lane13 
mjbeem06,Sat Nov 09 08:02:53 IST 2013, perksofdatingme what isnt a perk of dating me lane13
mjbeem06,Sat Nov 09 05:50:11 IST 2013,clark22 hey hey you you i dont like your girlfriend no way no way think you need a new oneğŸ’  lane13
mjbeem06,Wed Nov 06 07:05:14 IST 2013,rt lane13 happy mcm from my extremely concussed boyfriend who tucked his sweats into his socks in the er thursday  http…
mjbeem06,Mon Nov 04 07:12:18 IST 2013,   i cant stand people who eat extremely slow 
mjbeem06,Mon Nov 04 06:50:27 IST 2013, when people chew on their food really loudly  
mjbeem06,Sun Nov 03 04:57:12 IST 2013,rt lane13 what are you going to school for are you majoring in ratchet - 
mjbeem06,Fri Nov 01 06:39:26 IST 2013,hello random woman laying on the floor in the er 
mjbeem06,Wed Oct 30 21:58:45 IST 2013,rt lane13 i know nationalbestfriendday isnt a real thing the days almost over but heres to my best friend   http…
mjbeem06,Sun Oct 27 22:35:41 IST 2013,rt  i dont see any big booty hoes yet
mjbeem06,Tue Oct 15 05:02:47 IST 2013,gmaprobs
mjbeem06,Mon Oct 14 03:38:18 IST 2013,rt lane13  perks of dating me i laugh at my own jokes so you dont need to 
