username,time,tweet
Me70749510,Tue Mar 01 05:29:42 IST 2016,after a awesome ride  
Me70749510,Tue Mar 01 05:26:47 IST 2016,right 
Me70749510,Wed Feb 24 04:00:05 IST 2016,absolutely the truth about me  
Me70749510,Fri Feb 19 20:51:56 IST 2016,lol 👄👄👄👄👄 
Me70749510,Thu Feb 18 21:06:09 IST 2016,my boys and nephew at the world tournament in las vegas a long long time ago i miss those days 
Me70749510,Thu Feb 18 21:01:47 IST 2016,in a heartbeat i will walk away 
Me70749510,Wed Feb 10 02:07:57 IST 2016,feeling blessed in san luis â¤
Me70749510,Mon Feb 01 04:50:20 IST 2016,these are the clouds with silver lining on my way home from mamas house 
Me70749510,Sun Jan 31 03:23:05 IST 2016,  awesome
Me70749510,Wed Jan 20 06:59:23 IST 2016, awesome
Me70749510,Sun Jan 10 03:27:30 IST 2016,easy rider even 
Me70749510,Tue Jan 05 10:30:50 IST 2016,right on 
Me70749510,Wed Dec 30 01:07:34 IST 2015,absolutely  wrestlingmomforever lovemyboys 💙 💙 
Me70749510,Fri Dec 18 10:25:29 IST 2015,
Me70749510,Fri Dec 18 10:23:17 IST 2015,just got done watching and listening to alice cooper waiting for motley crue
Me70749510,Fri Dec 18 09:54:56 IST 2015,motley crue awesome  the final tourim here watching listing
Me70749510,Tue Dec 15 05:10:14 IST 2015,in god we trust 
Me70749510,Mon Dec 14 21:45:55 IST 2015,ohhh absolutely so far there is no such heart or arms like this😠 
Me70749510,Fri Dec 11 22:37:16 IST 2015,its a way of life in our house  wrestlingmomforever lovemyboys 💙 💙 
Me70749510,Tue Dec 08 22:29:15 IST 2015,love yourself  have a blessed and beautiful day today â¤ 
Me70749510,Sat Dec 05 09:02:44 IST 2015,wrestling season 💙💙wrestlingmomforever lovemyboys 
Me70749510,Mon Nov 30 09:35:40 IST 2015,this is in the backyard of my mamas house its the cutest so i took a snapshot of it 
Me70749510,Thu Nov 26 09:52:54 IST 2015,you are so appreciated  god bless you all happy thanksgiving 
Me70749510,Thu Nov 26 09:50:32 IST 2015,happy thanksgiving 😊👄👑 
Me70749510,Wed Nov 25 02:11:35 IST 2015,im not a quieter 
Me70749510,Sun Nov 22 01:24:35 IST 2015,yayyyyyyy road trip by myself on my way to pismo 
Me70749510,Sat Nov 14 23:15:46 IST 2015,love my boys 💙 💙 
Me70749510,Tue Nov 03 22:18:14 IST 2015,thank god  wow that would be a really scary thing  yikes 😬 
Me70749510,Tue Nov 03 21:27:10 IST 2015,bahahaha cant stop laughing 
Me70749510,Tue Nov 03 21:26:19 IST 2015,wonder woman 
Me70749510,Sat Oct 31 06:02:52 IST 2015,greatness 😊
Me70749510,Thu Oct 29 09:51:24 IST 2015,can anyone just send this to me for me it needs my love â¤just sayin 
Me70749510,Thu Oct 29 09:22:21 IST 2015,full moon â¤ 
Me70749510,Thu Oct 29 06:49:12 IST 2015,look at this  outside of dance studio dolceclovis 
Me70749510,Sat Oct 17 07:03:33 IST 2015,gym time single life trying to look good naked lol 
Me70749510,Sat Oct 17 07:00:37 IST 2015,crap 
Me70749510,Sat Oct 17 06:57:11 IST 2015,i still love my dodgers 
Me70749510,Sat Oct 17 06:55:18 IST 2015,i am a true gemini i like doing whatever i want because i can i always blame it on the naughty side of me 
Me70749510,Wed Oct 14 22:02:03 IST 2015,yayyyyyyy  wrestling season wrestlingmomforever lovemyboys 💙 💙 
Me70749510,Sat Oct 10 23:26:41 IST 2015,im just sayin please dont get it twisted  i love all my beautiful butterflys 
Me70749510,Sat Oct 10 23:23:13 IST 2015,lol awwwwww 
Me70749510,Wed Sep 23 21:16:33 IST 2015,its one of those days already  yikes 😕 
Me70749510,Sun Sep 06 23:54:48 IST 2015,nobody i said nobody fucking with my boys
Me70749510,Sun Sep 06 23:52:20 IST 2015,its war time i love you bitch but you called it you just pissed off mama bear i just now turned into mama beat
Me70749510,Sat Sep 05 07:37:47 IST 2015,i will winjust sayin  
Me70749510,Wed Sep 02 20:03:42 IST 2015,anyone out there to show me how to squat  properly  lol see you at the gym 
Me70749510,Wed Sep 02 10:57:51 IST 2015,ohhhh my gosh today was a strange day everywhere i went things were different  is life trying to tell me something 😕 yikes 
Me70749510,Tue Sep 01 08:22:08 IST 2015,yikes late workout  gb3 clovis 
Me70749510,Tue Sep 01 06:16:53 IST 2015,cheer up buttercupyou are and i am enoughand if nobody appreciates that get rid of them just sayin 👄 
Me70749510,Tue Sep 01 02:26:14 IST 2015,right amenl💛ve you too 
