username,time,tweet
ub5_swanny,Sat May 30 18:00:31 IST 2015,@__arsenal_news_ surly he must be signing then....? What else could that possibly mean?!?! #sarcastic
ub5_swanny,Sat May 30 13:19:10 IST 2015,Number crunching for the past day - 1 new follower and 1 unfollower. Stats via http://t.co/rrkgWdHUfv
ub5_swanny,Fri May 29 13:19:12 IST 2015,Number crunching for the past day - 4 new unfollowers. Stats via http://t.co/rrkgWdHUfv
ub5_swanny,Fri May 29 12:23:48 IST 2015,@Garyo505 @KuganCassius @kingpinkj_pin haha.. I'll tell ya what I ain't got... A fucking clue on what he was talking about!!! 😳
ub5_swanny,Fri May 29 03:48:11 IST 2015,@jaybee6767 @CrazyCale1 lol and a great sense of humour!
ub5_swanny,Fri May 29 03:47:31 IST 2015,@KuganCassius @kingpinkj_pin something the matter with that fella...
ub5_swanny,Fri May 29 03:33:34 IST 2015,@jaybee6767 @CrazyCale1 lol and it certainly is pretend alright! #AbsoluteCrap
ub5_swanny,Fri May 29 03:09:42 IST 2015,@onlyfoolsnews just made a great day even better! 😆
ub5_swanny,Fri May 29 03:07:20 IST 2015,@CrazyCale1 @jaybee6767 back on that shite then mate!! 😴😴😴😉😉
ub5_swanny,Thu May 28 13:19:15 IST 2015,3 new unfollowers in the last day. Via http://t.co/rrkgWdHUfv
ub5_swanny,Thu May 28 02:30:13 IST 2015,RT @80s_Kidz: Before SIM cards you needed one of these... http://t.co/8fsaWEaTZ3
ub5_swanny,Wed May 27 22:03:09 IST 2015,RT @Arsenal: THREE DAYS TO GO… #WeAreArsenal http://t.co/KzJQS7c6OT
ub5_swanny,Wed May 27 18:33:18 IST 2015,@SkySportsNewsHQ @anthonyfjoshua he could come in to 'come on Eileen ' for all I care! He's gonna smash #Johnson all round the ring! #beast
ub5_swanny,Wed May 27 13:19:07 IST 2015,Stats for the day have arrived. 1 new follower and NO unfollowers :) via http://t.co/rrkgWdHUfv.
ub5_swanny,Tue May 26 13:19:06 IST 2015,"Follower -1, Unfollowers - 0. I didn't know I was this awesome. Get your daily stats via http://t.co/rrkgWdHUfv."
ub5_swanny,Mon May 25 13:19:04 IST 2015,How many followers do you get everyday? I got 1 in the last day. Growing daily with http://t.co/rrkgWdHUfv
ub5_swanny,Sun May 24 13:19:06 IST 2015,"Growing and engaging with the right tweeps - gained 2 new followers in the past day, courtesy http://t.co/rrkgWdHUfv"
ub5_swanny,Sun May 24 03:11:27 IST 2015,"RT @NextBigFight: 🇬🇧!!!AND THE NEW!!!🇬🇧

JAMES DEGALE IS THE IBF SUPER MIDDLE WEIGHT CHAMPION OF THE WORLD!!! 🇬🇧👊

🇬🇧!!RETWEET!!🇬🇧 http://t…"
ub5_swanny,Sun May 24 03:09:51 IST 2015,RT @TomTheGooner_: AND THE NEW!!!!!!!! @jamesdegale1
ub5_swanny,Sun May 24 03:09:48 IST 2015,RT @BoxMadMagazine: YES!!!!!!!!!!!!!!!!!!!!!
ub5_swanny,Sun May 24 03:09:31 IST 2015,Get in! #DeGale #AndTheNew
ub5_swanny,Sun May 24 03:06:45 IST 2015,This could be a draw... #DeGaleVsDirrell
ub5_swanny,Sun May 24 03:02:25 IST 2015,These 'pick em' rounds will definitely go to Dirrell... DeGale may of thrown this away #DeGaleVsDirrell
ub5_swanny,Sun May 24 02:59:59 IST 2015,Don't get DeGale's tactics in the later rounds... Looking tired to me! #DeGaleVsDirrell
ub5_swanny,Sun May 24 02:41:10 IST 2015,Stoppage coming me thinks! #DeGaleVsDirrell #FightNightinternational
ub5_swanny,Sun May 24 01:18:16 IST 2015,Come on #DeGale bring that belt home! #DeGaleVsDirrell #FightNightinternational
ub5_swanny,Thu May 21 13:19:04 IST 2015,3 tweeps unfollowed (goodbye!) me in the past day. Thank you http://t.co/rrkgWdHUfv.
ub5_swanny,Thu May 21 01:40:35 IST 2015,Wow how did fletcher miss that?? We are dreadful
ub5_swanny,Thu May 21 01:04:05 IST 2015,Jesus it's painful watching #Arsenal sometimes!
ub5_swanny,Wed May 20 13:19:41 IST 2015,"New day, new tweets, new stats. 1 new unfollower. Via good old http://t.co/rrkgWdHUfv"
ub5_swanny,Tue May 19 13:19:06 IST 2015,1 tweep followed (thank you!) and 1 unfollowed (goodbye!) me in the past day. Thank you http://t.co/rrkgWdHUfv.
ub5_swanny,Mon May 18 13:19:05 IST 2015,3 tweeps followed (thank you!) and nobody unfollowed me in the past day. Thank you http://t.co/rrkgWdHUfv.
ub5_swanny,Sun May 17 19:47:17 IST 2015,#COYG
ub5_swanny,Sat May 16 13:19:08 IST 2015,"New day, new tweets, new stats. 1 follower, 0 unfollowers. Via good old http://t.co/rrkgWdHUfv"
ub5_swanny,Sat May 16 01:32:39 IST 2015,Gutted for the Bee's
ub5_swanny,Sat May 16 01:31:22 IST 2015,2 new tweeps followed me in the last day. I find relevant people to follow with the #CopyFollowers feature of http://t.co/rrkgWdHUfv
ub5_swanny,Sat May 16 01:14:52 IST 2015,@TheOddsBible haha brilliant
ub5_swanny,Sat May 16 01:14:35 IST 2015,RT @TheOddsBible: When you see it... http://t.co/IQSsujmV9w
ub5_swanny,Sat May 16 01:13:19 IST 2015,@SkyNews @DominicWaghorn i hope he rots in hell
ub5_swanny,Sat May 16 01:12:10 IST 2015,RT @SkyNews: .@DominicWaghorn explains complicated sentencing in Boston bombing case http://t.co/cDN5wFPI2m
ub5_swanny,Fri May 15 13:19:03 IST 2015,How many followers do you get everyday? I got 1 in the last day. Growing daily with http://t.co/rrkgWdHUfv
ub5_swanny,Thu May 14 13:19:04 IST 2015,"Growing and engaging with the right tweeps - gained 1 new follower in the past day, courtesy http://t.co/rrkgWdHUfv"
ub5_swanny,Wed May 13 13:19:03 IST 2015,"New day, new tweets, new stats. 1 follower, 2 unfollowers. Via good old http://t.co/rrkgWdHUfv"
ub5_swanny,Tue May 12 13:19:02 IST 2015,1 daily follower. 0 unfollowers. Crowdfire doesn't miss a trick -via http://t.co/rrkgWdHUfv
ub5_swanny,Mon May 11 13:19:04 IST 2015,Stats for the day have arrived. 1 new follower and NO unfollowers :) via http://t.co/rrkgWdHUfv.
ub5_swanny,Mon May 11 02:58:23 IST 2015,This is me after playing WSOP! 😂😂 https://t.co/UlAugzlQCs
ub5_swanny,Sun May 10 18:28:19 IST 2015,@HitmanHatton you're a legend RickğŸ‘ŠğŸ»ğŸ‘ŠğŸ»
ub5_swanny,Sun May 10 18:26:13 IST 2015,@Garyo505 hopefully he starts getting it right next season mate..
ub5_swanny,Sun May 10 18:25:36 IST 2015,RT @Garyo505: @ub5_swanny cause Tony Fernandes hasn't got a clue what day it is!!
