username,time,tweet
Emma_B1987,Tue Nov 24 18:33:52 IST 2015,I'm thinking of starting my own blog!! I feel I lead a rather exciting life!! #sarcastic
Emma_B1987,Tue Nov 24 15:11:26 IST 2015,Snug as a bug taking her big brother to school 💕 https://t.co/RhFePM7FD9
Emma_B1987,Tue Nov 24 01:31:55 IST 2015,@Mothercarehelp I have purchased the Madrid car seat and I feel it's not safe for my 7 month old. Her head is constantly flopped forward.
Emma_B1987,Mon Nov 23 04:30:36 IST 2015,@RobTrav whaaaaaaaaat?? Lol x
Emma_B1987,Mon Nov 23 04:25:30 IST 2015,Can't sleep!! So much on my mind!! #argh
Emma_B1987,Sun Nov 22 14:22:03 IST 2015,Morning cuddles with my girly 💕💕 https://t.co/ozdXWrwkPb
Emma_B1987,Sat Nov 21 13:39:52 IST 2015,@Kat1987B I bet they are looking forward to you coming back already ! Bless them. Xx
Emma_B1987,Sat Nov 21 13:35:02 IST 2015,@Kat1987B treat yourself to a nice 8 hr nap! I might come next time just for the sleep 😂😂
Emma_B1987,Sat Nov 21 13:27:46 IST 2015,@Kat1987B omg bet you're shattered!! Have a fab time Hun you deserve it xx
Emma_B1987,Sat Nov 21 13:22:37 IST 2015,This is what Grace thinks to mornings!! https://t.co/WpCmtIqfoN
Emma_B1987,Fri Nov 20 12:54:01 IST 2015,@_GMJNx Happy Birthday ğŸ‰ğŸ°ğŸ
Emma_B1987,Thu Nov 19 02:52:57 IST 2015,#ImACeleb loving Jeorgie ğŸ‘ğŸ»ğŸ‘ğŸ»ğŸ‘ğŸ»
Emma_B1987,Wed Nov 18 18:17:33 IST 2015,https://t.co/T3NOMB9kBs
Emma_B1987,Wed Nov 18 17:59:24 IST 2015,My gorgeous girl loving her lunch :) https://t.co/SCldeagrsK
Emma_B1987,Mon Nov 16 01:14:25 IST 2015,True love right here ! https://t.co/PEPEw93BFq
Emma_B1987,Mon Nov 16 01:13:47 IST 2015,💕💕💕 https://t.co/gWE8kRnTs9
Emma_B1987,Tue Nov 03 19:20:17 IST 2015,Pounding head now for three days! Jeez 😢😢
Emma_B1987,Fri Oct 30 18:13:02 IST 2015,"@ShellyCrookers I almost was!!!! Well, almost arrested! 😂😂"
Emma_B1987,Fri Oct 30 16:21:22 IST 2015,@ShellyCrookers I'm back!!!!!!!
Emma_B1987,Sat Oct 03 02:21:53 IST 2015,@RobTrav not really no. Not for a while now xx
Emma_B1987,Sat Oct 03 02:18:32 IST 2015,@RobTrav a few weeks before I got that real bad infection that fucked em up xx
Emma_B1987,Sat Oct 03 02:08:20 IST 2015,@RobTrav I've had nothin but problems since having ears syringed. Driving me mad
Emma_B1987,Sat Oct 03 01:52:49 IST 2015,Jeez! Killer earache on the go right now 😢 #Ouch
Emma_B1987,Tue Sep 29 19:32:11 IST 2015,My world 💕💕 http://t.co/td38RWs36i
Emma_B1987,Sat Sep 26 11:23:48 IST 2015,Full of another cold again! Sick of this shit now 😷
Emma_B1987,Thu Sep 17 12:08:24 IST 2015,Happy morning in my house 💕 http://t.co/sJ97Qcz4WB
Emma_B1987,Sat Sep 05 12:55:33 IST 2015,"So yet again, we've left school uniform shopping until the last minute. #dammit"
Emma_B1987,Sat Sep 05 02:43:47 IST 2015,Seeing all of these people trying to escape their war zone home and save their children is heartbreaking. #refugeecrisis
Emma_B1987,Wed Sep 02 19:48:34 IST 2015,Words cannot explain how much I love my kids! 💕 http://t.co/MHYSKByE4u
Emma_B1987,Mon Aug 31 18:23:51 IST 2015,I had one of the best times ever this weekend :) had an amazing time spending it with Adam! I'm so lucky 💕
Emma_B1987,Thu Aug 27 15:57:43 IST 2015,Happy face for mummy 💕 http://t.co/ySpXAK3Akx
Emma_B1987,Wed Aug 26 11:07:01 IST 2015,Just woke up to a spider crawling over grace in her cot. That's it! Whole cot needs throwing out. #arachnophobia
Emma_B1987,Tue Aug 25 18:43:27 IST 2015,"@Kat1987B aww bless ya, thank you Kat xx"
Emma_B1987,Tue Aug 25 17:37:51 IST 2015,Loves a good photo!! #Selfie #cute http://t.co/z7SKUuqqSn
Emma_B1987,Thu Aug 20 01:28:42 IST 2015,Love em 💕 http://t.co/Sk6OwRuEGo
Emma_B1987,Fri Aug 14 10:13:57 IST 2015,Who needs sleep anyway?!?!?
Emma_B1987,Wed Aug 12 03:39:09 IST 2015,My whole world! Don't need anything else in my life 💕 #love #family http://t.co/dpAjkMFyEw
Emma_B1987,Mon Aug 10 20:14:00 IST 2015,She's growing up way to quick! http://t.co/B0aflCmCwK
Emma_B1987,Wed Jul 29 20:27:37 IST 2015,Love this lil monkey! http://t.co/tjM4ZduKLh
Emma_B1987,Fri Jul 24 21:48:55 IST 2015,My gorgeous kids and niece 💕 http://t.co/2w2zgYlGsa
Emma_B1987,Fri Jul 17 11:14:11 IST 2015,Can't believe how poorly I've been the last 8 days! So glad I'm starting to feel a bit better. Gutted Reece has it 😢
Emma_B1987,Tue Jul 14 11:43:17 IST 2015,@craigburgess93 😂
Emma_B1987,Mon Jul 13 15:42:00 IST 2015,Lazy day today! Love lazy days :) http://t.co/B8PetDfjBv
Emma_B1987,Sat Jul 11 00:28:15 IST 2015,@craigburgess93 beautiful 💕
Emma_B1987,Fri Jul 10 21:32:23 IST 2015,Cannot believe what I've just read! So glad I'm away from my ex and her vile brother!! People like them don't deserve to have kids !
Emma_B1987,Fri Jul 10 15:47:15 IST 2015,RT @Ballstocancer: It takes 3.2sec to retweet and help find katie Kelly she has gone missing from #Northamptonshire with her baby http://t.…
Emma_B1987,Mon Jul 06 22:02:14 IST 2015,"#BBMme PIN:5667DD89
http://t.co/C5x5NJR26P http://t.co/RTu6Wk2UfW"
Emma_B1987,Sat Jul 04 21:16:51 IST 2015,My  baby girl has started to giggle! I love it 💕 http://t.co/0VWMRAYENT
Emma_B1987,Fri Jul 03 10:52:14 IST 2015,My baby girl is growing up way to fast! http://t.co/IENpbnuRpa
Emma_B1987,Fri Jun 19 03:35:29 IST 2015,I have a baby and no f**ker bothers no more! I am still here and human if anybody wasn't sure! #bollox
