username,time,tweet
mastro_johnny,Wed Apr 01 18:05:42 IST 2015,  probably not diving is more important to severe wakeupnhl
mastro_johnny,Tue Mar 31 05:34:31 IST 2015,love the pairing bealieau - paterynhabs
mastro_johnny,Mon Mar 30 19:54:34 IST 2015,   just an amazing moment 
mastro_johnny,Mon Mar 30 07:53:44 IST 2015,this is awesome 
mastro_johnny,Mon Mar 30 07:48:00 IST 2015,   she killed it it rightawesome wrestlemania wwe ronda rousey ufc
mastro_johnny,Mon Mar 30 05:20:44 IST 2015,congrats  you always deliver and kill itwrestemania31
mastro_johnny,Sun Mar 29 19:19:49 IST 2015, make an everlasting impression  you rock melissamastro cant wait to see you may 4 at rawmontreal
mastro_johnny,Sun Mar 29 05:25:06 IST 2015,love this pp
mastro_johnny,Sun Mar 29 05:24:00 IST 2015, and that galchenyuk was outside the blue paint
mastro_johnny,Sun Mar 29 05:22:39 IST 2015, its to easyseems to simple
mastro_johnny,Sun Mar 29 01:16:55 IST 2015,ohhhhh really hope  vs  in playoffs just to hear  cry and complain ğŸ™ğŸ™ğŸ™ğŸ™ğŸ™
mastro_johnny,Sat Mar 28 23:59:12 IST 2015, i want  to make playoffs but listening to  makes me give my head a shake
mastro_johnny,Sat Mar 28 23:20:40 IST 2015,hearing homer  on  is hilarious
mastro_johnny,Fri Mar 27 20:03:38 IST 2015, as a big  fan loved your interview with  great questionsufctsn690
mastro_johnny,Fri Mar 27 07:14:29 IST 2015,love  play him more
mastro_johnny,Fri Mar 27 07:10:11 IST 2015, he looks and plays so small
mastro_johnny,Fri Mar 27 07:06:21 IST 2015, i knowjust saying
mastro_johnny,Fri Mar 27 06:59:02 IST 2015,give me bournival instead of dsp
mastro_johnny,Fri Mar 27 06:22:50 IST 2015,have to let  loose a bithe will give  scoring chances
mastro_johnny,Wed Mar 25 12:32:59 IST 2015,  absolutelyhe puts his team in trouble
mastro_johnny,Wed Mar 25 08:12:53 IST 2015,that ones on pk
mastro_johnny,Wed Mar 25 07:49:31 IST 2015, is getting his groove back
mastro_johnny,Wed Mar 25 05:43:26 IST 2015, would you trade galchenyuk for forsberg 
mastro_johnny,Tue Mar 24 19:03:22 IST 2015,“ boston bruins faithful claim max is unbeatable  
mastro_johnny,Tue Mar 24 16:15:30 IST 2015, noel aussiğŸ˜ğŸ˜ğŸ˜
mastro_johnny,Sun Mar 22 02:29:25 IST 2015,us fans are a bunch of winerscry me a river
mastro_johnny,Sun Mar 22 02:25:07 IST 2015, is a beastimfc
mastro_johnny,Sat Mar 21 21:01:22 IST 2015,mt will always put a little more def than offbeaulieu out and questions y habs cant score 
mastro_johnny,Sat Mar 21 00:22:10 IST 2015, try scores 😉😉😉
mastro_johnny,Fri Mar 20 17:35:16 IST 2015, next week
mastro_johnny,Fri Mar 20 17:34:58 IST 2015, its comming  but so is xmas
mastro_johnny,Fri Mar 20 16:06:18 IST 2015,   they still wouldnt
mastro_johnny,Fri Mar 20 05:06:11 IST 2015,  great job 
mastro_johnny,Fri Mar 20 04:34:35 IST 2015, class organization 
mastro_johnny,Fri Mar 20 04:31:27 IST 2015,cool to see  teaming with  great for womens hockeyhabsstarshockeyclassorganisation
mastro_johnny,Thu Mar 19 05:50:07 IST 2015,wow 2-0 imfc
mastro_johnny,Thu Mar 19 05:49:40 IST 2015,piatti on fireimfc
mastro_johnny,Thu Mar 19 05:47:06 IST 2015, who does cporter think he is mario lemieuxmarquonslhistoire impact
mastro_johnny,Thu Mar 19 05:22:34 IST 2015, marquonslhistoire
mastro_johnny,Wed Mar 18 04:42:22 IST 2015, wow
mastro_johnny,Wed Mar 18 04:39:31 IST 2015, mario tremblay saying markov was drafted as a centerman 
mastro_johnny,Tue Mar 17 05:56:32 IST 2015,lets tighten up even more habs hockey
mastro_johnny,Mon Mar 16 20:41:17 IST 2015,  shame on people for bashing our ownprops to  jeanpascal
mastro_johnny,Sun Mar 15 04:51:09 IST 2015, lets hope
mastro_johnny,Sun Mar 15 00:10:11 IST 2015,rt  great 2 meet  chat with  two nights ago told her my buddy johnny found her dogs  shescool http…
mastro_johnny,Sat Mar 14 03:32:20 IST 2015,rt  “   is it trending yet reunitetheeggline
mastro_johnny,Fri Mar 13 21:10:20 IST 2015,  mt has a nack to mess with kids headbetter to be a  def no risk player dont ask y they cant score
mastro_johnny,Fri Mar 13 07:33:47 IST 2015, new systeme
mastro_johnny,Fri Mar 13 07:32:06 IST 2015,hammond or anderson ott
mastro_johnny,Fri Mar 13 07:14:26 IST 2015,whats  record since trade deadline chemistry
